place_id                   , name                                                                                                                           , phone        , address                                                                                                                                                                                              , category , website                                                                                                                       , rating, rating_count, business_status, segment_tag        , sub_area   , date_found, status, enrichment_source, enrichment_phone, enrichment_website_found, enrichment_checked_at
ChIJddolQRmj2zsRCOx8FrRMZgw, Govind clinic Garkheda                                                                                                         , 094052 06776 , "Mehar Nagar, Garkheda, Chhatrapati Sambhajinagar, Maharashtra 431009, India"                                                                                                                        , clinic   ,                                                                                                                               ,    4.9,          131, OPERATIONAL    , no_digital_presence, Garkheda   , 2026-07-15, new   , justdial         ,                 ,                         , 2026-07-15T06:02:08.998716+00:00
ChIJEV59s4Ci2zsRMVRcsxe2otY, Atharv Clinic (Dr. Abhay Shirsat)                                                                                              , 098220 47189 , "V86W+QQ2, Sahyognagar, Garkheda Area, Garkheda, Chhatrapati Sambhajinagar, Maharashtra 431009, India"                                                                                               , clinic   ,                                                                                                                               ,    5.0,            3, OPERATIONAL    , no_digital_presence, Garkheda   , 2026-07-15, new   , justdial         ,                 ,                         , 2026-07-15T06:02:14.794803+00:00
ChIJ0ZA8II-j2zsRN_ugzxzGXmw, Pande Clinic                                                                                                                   , 087881 12380 , "Shop No . 3,4 Suyash Corner Malhar Chowk, next to Vijay nagar chowk, Paradh, Saraswati Colony, Garkheda, Chhatrapati Sambhajinagar, Maharashtra 431009, India"                                      , clinic   ,                                                                                                                               ,    5.0,          122, OPERATIONAL    , no_digital_presence, Garkheda   , 2026-07-15, new   , justdial         ,                 ,                         , 2026-07-15T06:02:19.729171+00:00
ChIJSVuWWoGi2zsRTJ2e-vqYVA4, Madhavbaug Clinic Garkheda Aurangabad                                                                                          , 075065 04211 , "Flat no A, Housing Society 01, beside Chobe Hospital & Swanad Hall, Chetana Nagar, Sindhi Colony, Chhatrapati Sambhajinagar, Maharashtra 431005, India"                                             , clinic   , https://madhavbaug.org/clinic/garkheda-aurangabad/?utm_source=gmb&utm_medium=organic&utm_campaign=garkheda_aurangabad         ,    4.8,           68, OPERATIONAL    , general_outreach   , Garkheda   , 2026-07-15, new   ,                  ,                 ,                         , 
ChIJEaiZLxuj2zsRMvmR77arZpk, "SHELKE ENT CLINIC_DR. SHARAD SHELKE (MBBS, MS ENT)"                                                                           , 095119 85253 , "Shivaji Nagar Rd, near WATER TANK, Laxmi Nagar, Garkheda, Chhatrapati Sambhajinagar, Maharashtra 431001, India"                                                                                     , clinic   ,                                                                                                                               ,    5.0,           11, OPERATIONAL    , no_digital_presence, Garkheda   , 2026-07-15, new   , justdial         ,                 ,                         , 2026-07-15T06:02:25.860571+00:00
ChIJC3wMmGWj2zsRFKnYMeraHQk, Skin Rich Clinic                                                                                                               , 077579 04989 , "1st Floor, Gajanan Hospital Besides, Gajanan Maharaj Mandir Rd, above Dominos, Sandesh Nagar, Chaitanya Nagar, Garkheda, Chhatrapati Sambhajinagar, Maharashtra 431009, India"                      , clinic   ,                                                                                                                               ,    5.0,          121, OPERATIONAL    , no_digital_presence, Garkheda   , 2026-07-15, new   , justdial         ,                 ,                         , 2026-07-15T06:02:32.537232+00:00
ChIJF31AcmOi2zsRvvH_wiWDSws, Aasha Clinic                                                                                                                   , 097674 01229 , "Shivajinagar, Sara Raaj Nagar, Garkheda, Chhatrapati Sambhajinagar, Maharashtra 431009, India"                                                                                                      , clinic   ,                                                                                                                               ,    4.0,            1, OPERATIONAL    , no_digital_presence, Garkheda   , 2026-07-15, new   , justdial         ,                 ,                         , 2026-07-15T06:02:40.680879+00:00
ChIJcwAKZ4Ci2zsRtywIYa0sARY, Kadethankar Clinic                                                                                                             , 0240 232 8594, "18,Srinagar,Ulkanagari,Garkheda, shreenagar, Garkheda Area, Ulkanagari, Chhatrapati Sambhajinagar, Maharashtra 431009, India"                                                                       , clinic   ,                                                                                                                               ,    4.7,           30, OPERATIONAL    , no_digital_presence, Garkheda   , 2026-07-15, new   , justdial         ,                 ,                         , 2026-07-15T06:02:48.314760+00:00
ChIJ_____2Ki2zsRz2-GrEgFpSI, Positive Health Clinic                                                                                                         , 0240 234 0920, "Plot No. 54, Sarang Society, Near Gajanan Mandir, Gardekha Parisar, Sara Raaj Nagar, Garkheda, Chhatrapati Sambhajinagar, Maharashtra 431009, India"                                                , clinic   ,                                                                                                                               ,    5.0,            1, OPERATIONAL    , no_digital_presence, Garkheda   , 2026-07-15, new   , justdial         ,                 ,                         , 2026-07-15T06:02:52.835219+00:00
ChIJ7av-dQCj2zsRWwBKf9DsnMI, Nandini clinic Skin & Day Care Centre                                                                                          , 070204 82282 , "Anand Plaza, opposite babulal zaveri jwellers, Sutgirni Chowk, Garkheda Area, Ulkanagari, Chhatrapati Sambhajinagar, Maharashtra 431009, India"                                                     , clinic   ,                                                                                                                               ,    4.7,           52, OPERATIONAL    , no_digital_presence, Garkheda   , 2026-07-15, new   , justdial         ,                 ,                         , 2026-07-15T06:02:58.961577+00:00
ChIJB1UzLDSj2zsRplPmeHxPQTQ, "Allo Health, Aurangabad - Best Sexologist in Aurangabad | Sex Doctor | Sex Therapist | Sex Clinic | STD/STI Testing"          , 020 4855 2479, "MediArts Hospital, Ground Floor, Shubham Complex, Pundlik Nagar Rd, near Nayara Petrol Pump, Sandesh Nagar, Vishalnagar, Garkheda, Chhatrapati Sambhajinagar, Maharashtra 431009, India"            , clinic   , https://www.allohealth.com/clinics/aurangabad/garkheda?utm_source=google&utm_medium=listing&utm_campaign=aurangabad-clinic-gmb,    5.0,           54, OPERATIONAL    , general_outreach   , Garkheda   , 2026-07-15, new   ,                  ,                 ,                         , 
ChIJXzQ-uoii2zsR4BTG-9BxHIw, Pranav Nas Clinic And Spine Care Centre                                                                                        , 098900 74969 , "Jai Bhawani Housing Society, 13/a, Pundlik Nagar Rd, housing society, Garkheda, Chhatrapati Sambhajinagar, Maharashtra 431009, India"                                                               , clinic   ,                                                                                                                               ,    4.9,           57, OPERATIONAL    , no_digital_presence, Garkheda   , 2026-07-15, new   , justdial         ,                 ,                         , 2026-07-15T06:03:04.347747+00:00
ChIJ7TYUVnaj2zsR07IDH4afxDg, Saarathi Mind Care & Wellness Center                                                                                           , 088305 75891 , "Row house,35, saarathi mind care, Emerald City, opposite Janki hotel, Ramkrishna Nagar, Garkheda, Chhatrapati Sambhajinagar, Maharashtra 431001, India"                                             , clinic   ,                                                                                                                               ,    4.8,           45, OPERATIONAL    , no_digital_presence, Garkheda   , 2026-07-15, new   , justdial         ,                 ,                         , 2026-07-15T06:03:14.025058+00:00
ChIJp-OFhoii2zsRYVaQX_wiho4, Bondekar Clinic                                                                                                                , 093250 66780 , "V973+R9M, Swapna Nagri, Pundlik Nagar, Garkheda, Chhatrapati Sambhajinagar, Maharashtra 431009, India"                                                                                              , clinic   ,                                                                                                                               ,    5.0,            1, OPERATIONAL    , no_digital_presence, Garkheda   , 2026-07-15, new   , justdial         ,                 ,                         , 2026-07-15T06:03:22.507431+00:00
ChIJncqODuWj2zsRR-kqI9jMuw0, Onkar Clinic Ulkanagari                                                                                                        , 095272 54725 , "39, Ulkanagari Rd, near Onkareshwar Temple, Aanad Nagar, Garkheda Area, Garkheda, Chhatrapati Sambhajinagar, Maharashtra 431009, India"                                                             , clinic   , https://drpravinwasadikar.com/                                                                                                ,    5.0,           11, OPERATIONAL    , general_outreach   , Garkheda   , 2026-07-15, new   ,                  ,                 ,                         , 
ChIJ60_udPKj2zsRx47R8bIB2lE, "BHAGIRATHI Dental, Ayurved & Allopathy Clinic"                                                                                , 082080 75725 , "Aurum, off No-111, 1st floor, Near Sutgirni chowk &, Janaki Hall, Ramkrishna Nagar, Garkheda, Chhatrapati Sambhajinagar, Maharashtra 431009, India"                                                 , clinic   ,                                                                                                                               ,    5.0,           21, OPERATIONAL    , no_digital_presence, Garkheda   , 2026-07-15, new   , justdial         ,                 ,                         , 2026-07-15T06:03:29.297327+00:00
ChIJkVNcIXui2zsRGl_wkyjlvnI, Aman Clinic                                                                                                                    , 098220 07523 , "V932+5M5, Sara Raaj Nagar, Garkheda, Chhatrapati Sambhajinagar, Maharashtra 431009, India"                                                                                                          , clinic   ,                                                                                                                               ,    4.0,            7, OPERATIONAL    , no_digital_presence, Garkheda   , 2026-07-15, new   , justdial         ,                 ,                         , 2026-07-15T06:03:39.086935+00:00
ChIJrbvdWK2Z2zsRXY5GNOeJ_m8, The Physician's Clinic - Dr.Akshay Narawad (MD Medicine)                                                                       , 079720 78231 , "Office No. 4, 5, First Floor, Manasarovar Arcade., Near, Eknath Rang Mandir Rd, above Ganga Medico, New Usmanpura, Chhatrapati Sambhajinagar, Maharashtra 431005, India"                            , clinic   , http://www.thephysiciansclinic.com/                                                                                           ,    5.0,          422, OPERATIONAL    , general_outreach   , Osmanpura  , 2026-07-15, new   ,                  ,                 ,                         , 
ChIJeYqvmWOY2zsRYivPBOlRRvQ, Anand Clinic                                                                                                                   , 075883 48100 , "V87G+CF8, New Usmanpura, Chhatrapati Sambhajinagar, Maharashtra 431005, India"                                                                                                                      , clinic   ,                                                                                                                               ,    4.5,            2, OPERATIONAL    , no_digital_presence, Osmanpura  , 2026-07-15, new   , justdial         ,                 ,                         , 2026-07-15T06:03:46.386223+00:00
ChIJHV_EZyuj2zsRBqucm5yNX0s, Kalyankar Clinic                                                                                                               , 095042 11211 , "1st Floor, Vishwas Building, Plot No. 39, Chetak Ghoda Chowk, Jai Vishwa Bharti Colony, Sindhi Colony, Chhatrapati Sambhajinagar, Maharashtra 431005, India"                                        , clinic   , https://kalyankarclinic.com/                                                                                                  ,    4.9,          142, OPERATIONAL    , general_outreach   , Osmanpura  , 2026-07-15, new   ,                  ,                 ,                         , 
ChIJVVVVlWSY2zsRODasnjxJAv8, Dr Sanjay Computerised Homoeopathic Clinic                                                                                     , 0240 232 7337, "Sant, Eknath Rang Mandir Rd, New Usmanpura, Pannalal Nagar, New Usmanpura, Chhatrapati Sambhajinagar, Maharashtra 431005, India"                                                                    , clinic   ,                                                                                                                               ,    3.4,           18, OPERATIONAL    , no_digital_presence, Osmanpura  , 2026-07-15, new   , justdial         ,                 ,                         , 2026-07-15T06:03:55.339048+00:00
ChIJZzTrFxCY2zsR7j2K4aGOfc4, Sushila Netralaya and Dental clinic                                                                                            , 095187 46277 , "Plot No 08, Railway Station Rd, opposite Bikaner Sweet Shop, Rajnagar, Bansilal Nagar, Chhatrapati Sambhajinagar, Maharashtra 431005, India"                                                        , clinic   , https://sushilanetralay.com/                                                                                                  ,    4.8,         1198, OPERATIONAL    , general_outreach   , Osmanpura  , 2026-07-15, new   ,                  ,                 ,                         , 
ChIJeZwcT2WY2zsRRd7Trbqqo34, Dr. Alhad Jadhav Skin and V.D Clinic                                                                                           , 094227 12525 , "1st Floor, Dhanalaxmi Complex,Above Baker's Lounge,, Osmanpura, near Sant Eknath Rang Mandir, New Usmanpura, Chhatrapati Sambhajinagar, Maharashtra 431005, India"                                  , clinic   ,                                                                                                                               ,    4.3,           14, OPERATIONAL    , no_digital_presence, Osmanpura  , 2026-07-15, new   , justdial         ,                 ,                         , 2026-07-15T06:04:02.324318+00:00
ChIJVVVVlWSY2zsRdV9RiCDjd5k, Agrawal Homoeo Clinic                                                                                                          , 099232 03539 , "5, Konark Villa, Osmanpura, New Osmanpura Rd, near Ganga Medical, State Bank Colony, New Usmanpura, Chhatrapati Sambhajinagar, Maharashtra 431005, India"                                           , clinic   ,                                                                                                                               ,    5.0,           62, OPERATIONAL    , no_digital_presence, Osmanpura  , 2026-07-15, new   , justdial         ,                 ,                         , 2026-07-15T06:04:08.706031+00:00
ChIJKbYRpOWZ2zsRWJOOj3e9S3U, Jeevan Clinic - Mahaveer Nagar                                                                                                 , 074984 40588 , "Plot 8, Mahaveernagar darga road, Peerbazar, Osmanpura, near Bhajiwali Bai Statue, Old, SBH Colony, Shahnoorwadi, Chhatrapati Sambhajinagar, Maharashtra 431005, India"                             , clinic   ,                                                                                                                               ,       ,             , OPERATIONAL    , no_digital_presence, Osmanpura  , 2026-07-15, new   , justdial         ,                 ,                         , 2026-07-15T06:04:16.023060+00:00
ChIJgQaaUMGZ2zsRFZ8CNgh_I4Q, Multispeciality Homeo Clinic                                                                                                   , 098220 84770 , "5/4/53, Peer Bazar, State Bank Colony, New Usmanpura, Chhatrapati Sambhajinagar, Maharashtra 431005, India"                                                                                         , clinic   ,                                                                                                                               ,       ,             , OPERATIONAL    , no_digital_presence, Osmanpura  , 2026-07-15, new   , justdial         ,                 ,                         , 2026-07-15T06:04:22.398482+00:00
ChIJTcyIs36Y2zsRH4lUgDQGe7I, Arnav Clinic                                                                                                                   , 099212 15227 , "Chetan Plaza, Near Bank Of Maharashtra, Sarvarkar Chowk, Darga Road, Tilak Nagar, Shreya Nagar, New Usmanpura, Chhatrapati Sambhajinagar, Maharashtra 431009, India"                                , clinic   ,                                                                                                                               ,    4.9,          119, OPERATIONAL    , no_digital_presence, Osmanpura  , 2026-07-15, new   , justdial         ,                 ,                         , 2026-07-15T06:04:28.478326+00:00
ChIJZeYH6HyY2zsRj-RXlQT4VzE, "Dr. Uday Kulkarni,Pure Skin Clinic"                                                                                           , 0240 234 6287, "68, Jaynagar, Opposite Vishwaroop hall, Dashmesh Nagar road, New Osmanpura Rd, State Bank Colony, Usmanpura, State Bank Colony, New Usmanpura, Chhatrapati Sambhajinagar, Maharashtra 431005, India", clinic   ,                                                                                                                               ,    4.1,          273, OPERATIONAL    , no_digital_presence, Osmanpura  , 2026-07-15, new   , justdial         ,                 ,                         , 2026-07-15T06:04:34.070178+00:00
ChIJwQcVh6KZ2zsRhsqTss-R3Rc, REJUVEN SPINE AND SKIN CLINIC                                                                                                  , 070581 72525 , "Shop No 104, Next to Sudarshan Netralay, Matrix business centre, Amarpreet Roplekar Road, Kalda Corner, Chetana Nagar, Sindhi Colony, Chhatrapati Sambhajinagar, Maharashtra 431005, India"         , clinic   ,                                                                                                                               ,    4.9,          483, OPERATIONAL    , no_digital_presence, Osmanpura  , 2026-07-15, new   , justdial         ,                 ,                         , 2026-07-15T06:04:43.156377+00:00
ChIJRR5IvWSY2zsRGdJQan2N7EA, VARE HOSPITAL                                                                                                                  , 098235 67808 , "Pawan Gas to Toplewallibai Road (old raod), New Osmanpura Rd, Peer Bazar, New Usmanpura, Chhatrapati Sambhajinagar, Maharashtra 431005, India"                                                      , clinic   ,                                                                                                                               ,    3.3,           18, OPERATIONAL    , no_digital_presence, Osmanpura  , 2026-07-15, new   , justdial         ,                 ,                         , 2026-07-15T06:04:52.199761+00:00
ChIJQTuDaMiZ2zsR6XtslfRivUg, ORIION CitiCare Super Specialty Hospital Aurangabad                                                                            , 0240 261 7777, "5-5-70, opposite Kalash Mangal Karyalay, New Usmanpura, Chhatrapati Sambhajinagar, Maharashtra 431005, India"                                                                                       , clinic   , http://www.oriionciticare.in/                                                                                                 ,    4.0,          594, OPERATIONAL    , general_outreach   , Osmanpura  , 2026-07-15, new   ,                  ,                 ,                         , 
ChIJn2-iCwCZ2zsRsvqbzV2_9dM, "Dr. Sanjeev Patil | PRATHAMESH CLINIC | 30+ yrs experience, 10000+ satisfied patients"                                        , 098500 18556 , "Prathamesh Clinic, opposite Shree Omkareshwar temple, Eknathnagar, Surana Nagar, Shahnoorwadi, Chhatrapati Sambhajinagar, Maharashtra 431005, India"                                                , clinic   ,                                                                                                                               ,    5.0,           22, OPERATIONAL    , no_digital_presence, Osmanpura  , 2026-07-15, new   , justdial         ,                 ,                         , 2026-07-15T06:04:57.915863+00:00
ChIJqd7DfWWY2zsRMm4TgrTgC0Y, sethia ayurvedic clinic                                                                                                        , 092098 06914 , "Usmanpura Rd, near Kranti Chowk, Snehnagar, Konkanwadi, Chhatrapati Sambhajinagar, Maharashtra 431005, India"                                                                                       , clinic   ,                                                                                                                               ,    5.0,            2, OPERATIONAL    , no_digital_presence, Osmanpura  , 2026-07-15, new   , justdial         ,                 ,                         , 2026-07-15T06:05:04.502703+00:00
ChIJY9XRx-yZ2zsRo8N4XitBwkA, "Dr. Kapil Pallod SkinSparsh Skin, Hair & Laser Clinic"                                                                        , 098900 56004 , "Second Floor, Oberoi Chambers, Jalna Rd, above suzuki showroom, Besides hotel amarpreet Doodh dairy signal, Rokda Hanuman Colony, Mondha, Chhatrapati Sambhajinagar, Maharashtra 431001, India"     , clinic   , http://drkapilpallod.com/                                                                                                     ,    4.8,          279, OPERATIONAL    , general_outreach   , Osmanpura  , 2026-07-15, new   ,                  ,                 ,                         , 
ChIJx4vzAsij2zsRyp96nDQf82M, "Elitecare Hospital | Best Multi-speciality Hospital in Chhatrapati Sambhaji Nagar, Aurangabad, Maharashtra"                   , 082750 08484 , "Plot number 10, Aditya Nagar Rd, shreenagar, Garkheda Area, Garkheda, Chhatrapati Sambhajinagar, Maharashtra 431005, India"                                                                         , clinic   , http://www.elitecarehospitals.com/                                                                                            ,    4.9,          558, OPERATIONAL    , general_outreach   , Garkheda   , 2026-07-15, new   ,                  ,                 ,                         , 
ChIJiyq58IWi2zsRtKDwdHbXGqQ, Advanced E.N.T & Multispeciality Hospital Pvt. Ltd.                                                                            , 0240 245 3680, "29, Sarang Housings Society, Gajanan Mandir to Reliance Mall, Road, Chaitanya Nagar, Garkheda, Chhatrapati Sambhajinagar, Maharashtra 431009, India"                                                , clinic   , https://advancedenthospital.com/                                                                                              ,    4.1,          293, OPERATIONAL    , general_outreach   , Garkheda   , 2026-07-15, new   ,                  ,                 ,                         , 
ChIJQe3GomKj2zsRrU7Ggi1c4xY, Dr. Amit Tak                                                                                                                   , 092251 09809 , "Plot No 51, opposite Shree Krishna Jewellers, Swapna Nagri, Chattrapati Nagar, Garkheda, Chhatrapati Sambhajinagar, Maharashtra 431009, India"                                                      , clinic   , https://ozoneplusmultispecialityhospital.in/                                                                                  ,    5.0,           64, OPERATIONAL    , general_outreach   , Garkheda   , 2026-07-15, new   ,                  ,                 ,                         , 
ChIJLSVQe3ui2zsRycp600ny1nU, Golden Care Hospital                                                                                                           , 096234 48872 , "Plot No. 5, Shivaji Nagar Rd, near State Bank, Deshmukh Nagar, Laxmi Nagar, Garkheda, Chhatrapati Sambhajinagar, Maharashtra 431009, India"                                                         , clinic   ,                                                                                                                               ,    4.3,           32, OPERATIONAL    , no_digital_presence, Garkheda   , 2026-07-15, new   , justdial         ,                 ,                         , 2026-07-15T06:05:10.443528+00:00
ChIJATjATPuj2zsR5MqlG8t8svs, Smeet Dental Clinic                                                                                                            , 098229 79015 , "Flat No. 1, Yogeshwari Silver Woods Apartments, opposite Mahi, New Usmanpura, Chhatrapati Sambhajinagar, Maharashtra 431005, India"                                                                 , clinic   , https://smeet-dental-clinic.com/                                                                                              ,    5.0,           24, OPERATIONAL    , general_outreach   , Osmanpura  , 2026-07-15, new   ,                  ,                 ,                         , 
ChIJzVhL7iKZ2zsRwc5l3wGJcrA, "Cardio Neuro Care Clinic - Heart Specialist | Neurologist | Angiography Center | EMG, NCV, and 2D Echo Test Center Aurangabad", 098553 58508 , "Matrix buisness center, Kalda Corner, Chetana Nagar, Sindhi Colony, Chhatrapati Sambhajinagar, Maharashtra 431005, India"                                                                           , clinic   , https://www.cardioneurocare.com/                                                                                              ,    4.0,            4, OPERATIONAL    , general_outreach   , Osmanpura  , 2026-07-15, new   ,                  ,                 ,                         , 
ChIJVbJMIH6j2zsRTRG-HhiK5iU, Krushna Clinic                                                                                                                 , 098500 17731 , "Galli No. 4, Main Road, Sanjay Nagar, N 2, Mukundwadi, Chhatrapati Sambhajinagar, Maharashtra 431006, India"                                                                                        , clinic   ,                                                                                                                               ,    4.0,            7, OPERATIONAL    , no_digital_presence, Mukundwadi , 2026-07-15, new   , justdial         ,                 ,                         , 2026-07-15T06:05:16.169628+00:00
ChIJ8QezCvWi2zsRGOMX_-OhJus, Mauli Clinic                                                                                                                   , 094234 56536 , "Plot No.9, Mukundwadi Station road, Jai Bhavani Nagar, Near CIDCO N-4, Kamgar Chowk, Prabodhankar Thakare Nagar, N 2, Cidco, Chhatrapati Sambhajinagar, Maharashtra 431006, India"                  , clinic   ,                                                                                                                               ,    4.6,           11, OPERATIONAL    , no_digital_presence, Mukundwadi , 2026-07-15, new   , justdial         ,                 ,                         , 2026-07-15T06:05:24.236004+00:00
ChIJ6QT7Hvqi2zsRE8VNL__AfZY, Shree Samarth Clinic                                                                                                           , 094227 05115 , "Main Road, Sanjay Nagar, N 2, Mukundwadi, Chhatrapati Sambhajinagar, Maharashtra 431006, India"                                                                                                     , clinic   ,                                                                                                                               ,    5.0,            2, OPERATIONAL    , no_digital_presence, Mukundwadi , 2026-07-15, new   , justdial         ,                 ,                         , 2026-07-15T06:05:36.493901+00:00
ChIJO_CijPSi2zsRVl9jt9f7oBw, Gajanan Clinic                                                                                                                 , 092252 34319 , "B18 N4, Doctor Bhapkar Marg, Kamgar Chowk, Sector N 4, Mukundwadi, Chhatrapati Sambhajinagar, Maharashtra 431003, India"                                                                            , clinic   ,                                                                                                                               ,    4.9,           39, OPERATIONAL    , no_digital_presence, Mukundwadi , 2026-07-15, new   ,                  ,                 ,                         , 
ChIJfVDIRXej2zsRXFEmHomYGuA, Shivam Clinic                                                                                                                  , 088064 32756 , "Galli no - 10, Om Shanti Housing Society, New Mukundwadi Railway Station Rd, Jai Bhavani Nagar, Sector N 4, Cidco, Chhatrapati Sambhajinagar, Maharashtra 431009, India"                            , clinic   ,                                                                                                                               ,       ,             , OPERATIONAL    , no_digital_presence, Mukundwadi , 2026-07-15, new   ,                  ,                 ,                         , 
ChIJC4GdAPOj2zsR7hJwqInoAD8, Shiv Clinic                                                                                                                    , 095451 43187 , "Shop No 1, Jai Bhavani Rd, near Jay, Kamgar Chowk, Prabodhankar Thakare Nagar, N 2, Mukundwadi, Chhatrapati Sambhajinagar, Maharashtra 431006, India"                                               , clinic   ,                                                                                                                               ,    5.0,            2, OPERATIONAL    , no_digital_presence, Mukundwadi , 2026-07-15, new   ,                  ,                 ,                         , 
ChIJHTqjsf6i2zsR_UByoTffGpE, sai clinic                                                                                                                     , 095033 36070 , "Main Rd, Shri Ram Nagar, Ram Nagar, N 2, Cidco, Chhatrapati Sambhajinagar, Maharashtra 431006, India"                                                                                               , clinic   ,                                                                                                                               ,    4.9,           33, OPERATIONAL    , no_digital_presence, Mukundwadi , 2026-07-15, new   ,                  ,                 ,                         , 
ChIJV3Glb_qi2zsR_N2TF27iPwg, Tuljai Clinic                                                                                                                  , 097657 43696 , "V9CG+FRG, Sanjay Nagar, N 2, Cidco, Chhatrapati Sambhajinagar, Maharashtra 431006, India"                                                                                                           , clinic   ,                                                                                                                               ,    4.0,            3, OPERATIONAL    , no_digital_presence, Mukundwadi , 2026-07-15, new   ,                  ,                 ,                         , 
ChIJAwCM_lyj2zsR_sKA-2-Q8mE, New Hair and Skin Clinic in Chhatrapati Sambhajinagar                                                                          , 080109 05043 , "Flat No. 6, 3rd Floor Balaji Tower, Above Vighnharta Jewellers Mukundwadi, Sector 2, Kamgar Chowk, Jai Bhavani Nagar, Jawat, Cidco, Chhatrapati Sambhajinagar, Maharashtra 431005, India"           , clinic   , https://newhairandskinclinic.com/                                                                                             ,    5.0,            4, OPERATIONAL    , general_outreach   , Mukundwadi , 2026-07-15, new   ,                  ,                 ,                         , 
ChIJy41aHv-i2zsRg8qmpyJxUoY, Saraswat Clinic And Diabetes Center                                                                                            , 098506 73092 , "Vitthal Chowk, Ram Nagar, N 2, Cidco, Chhatrapati Sambhajinagar, Maharashtra 431007, India"                                                                                                         , clinic   ,                                                                                                                               ,    5.0,          121, OPERATIONAL    , no_digital_presence, Mukundwadi , 2026-07-15, new   ,                  ,                 ,                         , 
ChIJdY60hK-j2zsRNDT0LN1f-DQ, Trupti Clinic                                                                                                                  , 094044 84522 , "Shop No1jay, No 3, Jai Bhavani Rd, Kamgar Chowk, Prabodhankar Thakare Nagar, N 2, Mukundwadi, Chhatrapati Sambhajinagar, Maharashtra 431006, India"                                                 , clinic   ,                                                                                                                               ,    5.0,            1, OPERATIONAL    , no_digital_presence, Mukundwadi , 2026-07-15, new   ,                  ,                 ,                         , 
ChIJ5ZIRrPui2zsR4fQuOCeoSE4, Santh Rohidas Arogya Kendra - Health center - Savitribai Phule Mahila Ekatma Samaj Mandal                                      , 098817 26374 , "J Sector, Sanjay Nagar, N 2, Mukundwadi, Chhatrapati Sambhajinagar, Maharashtra 431006, India"                                                                                                      , clinic   ,                                                                                                                               ,    4.3,           10, OPERATIONAL    , no_digital_presence, Mukundwadi , 2026-07-15, new   ,                  ,                 ,                         , 
ChIJYx9ToPWi2zsRCFTesicy0l8, Kolte Clinic                                                                                                                   , 095039 63637 , "Jai Bhavani Nagar, Sector N 4, Cidco, Chhatrapati Sambhajinagar, Maharashtra 431006, India"                                                                                                         , clinic   ,                                                                                                                               ,    5.0,           37, OPERATIONAL    , no_digital_presence, Mukundwadi , 2026-07-15, new   ,                  ,                 ,                         , 
ChIJZ4uKm42j2zsR3qWhe6mFRhY, Sai Clinic Dr.umesh bharti                                                                                                     , 086688 25586 , "Shop No.1, Balapur Rd, near Hanuman Temple, Mukundnagar, Mukundwadi, Chhatrapati Sambhajinagar, Maharashtra 431006, India"                                                                          , clinic   ,                                                                                                                               ,    5.0,            7, OPERATIONAL    , no_digital_presence, Mukundwadi , 2026-07-15, new   ,                  ,                 ,                         , 
ChIJG-QgxZSj2zsROhvcT63lCd4, Care Multispeciality and Pediatric Hospital - Diabetic Foot | Heart Specialist | Best Cardiologist Hospital in Sambhajinagar   , 072761 83896 , "Plot number 13, N-2, Cidco, Police Station, Jalna Rd, near Mukundwadi, Sanjay Nagar, N 2, Mukundwadi, Chhatrapati Sambhajinagar, Maharashtra 431006, India"                                         , clinic   , https://caremultispecialityandpediatrichospital.com/                                                                          ,    4.9,          104, OPERATIONAL    , general_outreach   , Mukundwadi , 2026-07-15, new   ,                  ,                 ,                         , 
ChIJswqyOJSj2zsRX4cGAYru7Yc, Sai Clinic                                                                                                                     , 082753 25629 , "2, Raj Nagar, Chhatrapati Sambhajinagar, Maharashtra 431006, India"                                                                                                                                 , clinic   ,                                                                                                                               ,    4.0,            1, OPERATIONAL    , no_digital_presence, Mukundwadi , 2026-07-15, new   ,                  ,                 ,                         , 
ChIJgwLLvPui2zsRpJGmssLpJXw, Dr Mahendra Gaikwad's Homoeopathic Health Clinic                                                                               , 092268 93784 , "Sanjay Nagar, N 2, Cidco, near Dr Babasaheb Ambedkar Statue, near Anand Buddha Vihar, Sanjay Nagar, N 2, Mukundwadi, Chhatrapati Sambhajinagar, Maharashtra 431006, India"                          , clinic   , http://www.drmahendragaikwad.com/                                                                                             ,    4.9,          464, OPERATIONAL    , general_outreach   , Mukundwadi , 2026-07-15, new   ,                  ,                 ,                         , 
ChIJAWcnrv6j2zsRLrpknt1xlMc, Morya Medical Store                                                                                                            , 082750 71170 , "Shop No1near A1one Hotel Mukundwadi, Sanjay Nagar, N 2, Mukundwadi, Chhatrapati Sambhajinagar, Maharashtra 431006, India"                                                                           , clinic   ,                                                                                                                               ,    5.0,            1, OPERATIONAL    , no_digital_presence, Mukundwadi , 2026-07-15, new   ,                  ,                 ,                         , 
ChIJnbY8vWaj2zsR1oZsa6aUt9U, "Tanpure Interior and Constructions Pvt Ltd - Interior Designer, Architect in Sambhajinagar"                                   , 096732 91000 , "Office no 23, Second Floor, Tapadiya Cine complex, Town Centre, N 1, Cidco, Chhatrapati Sambhajinagar, Maharashtra 431003, India"                                                                   , architect, https://www.tanpureinterior.com/                                                                                              ,    5.0,          246, OPERATIONAL    , general_outreach   , Cidco      , 2026-07-14, new   ,                  ,                 ,                         , 
ChIJ17_G1Oyi2zsRcBz9CYJJuvk, "Abhishek Salunke Architects -Top Architect in Aurangabad, Sambhajinagar | Best Interior Designer in Aurangabad, Sambhajinagar", 095115 54444 , "Kailash Arcade, opposite to Quadrangle Book Store, CIDCO Cannought, Connaught Place, Chhatrapati Sambhajinagar, Maharashtra 431003, India"                                                          , architect,                                                                                                                               ,    4.8,           98, OPERATIONAL    , no_digital_presence, Cidco      , 2026-07-14, new   , justdial         ,                 ,                         , 2026-07-15T05:59:39.221807+00:00
ChIJB5GycJuj2zsR_-VQT8gr7AA, Jyotirmaya Architects                                                                                                          , 078430 08495 , "Office No. 01, Krushnakunja, Garkheda Parisar Rd, near Gokul Sweets, Parijat Nagar, Sector N 4, Cidco, Chhatrapati Sambhajinagar, Maharashtra 431006, India"                                        , architect, https://www.jyotirmayarchitects.co.in/                                                                                        ,    4.9,          102, OPERATIONAL    , general_outreach   , Cidco      , 2026-07-14, new   ,                  ,                 ,                         , 
ChIJK-s2XhCj2zsRLDgSm1j1ooQ, Greenedge Architects & Designers                                                                                               , 070301 53884 , "Plot no.07, water tank, F-2, chowk to high court road, near Pundlik Nagar Road, Sector F-1, Hanuman Nagar, Sector N 4, Cidco, Chhatrapati Sambhajinagar, Maharashtra 431009, India"                 , architect, https://www.instagram.com/greenedge.architects/                                                                               ,    5.0,           76, OPERATIONAL    , general_outreach   , Cidco      , 2026-07-14, new   ,                  ,                 ,                         , 
ChIJ_QXkOwCj2zsRnxHCjwQDMGM, The Century Architects                                                                                                         , 077093 34499 , "opposite NOBLE NURSING HOSPITAL, Kamgar Chowk, Sector N 4, Cidco, Chhatrapati Sambhajinagar, Maharashtra 431003, India"                                                                             , architect,                                                                                                                               ,    5.0,           21, OPERATIONAL    , no_digital_presence, Cidco      , 2026-07-14, new   , justdial         ,                 ,                         , 2026-07-15T05:59:49.042616+00:00
ChIJr_O6S6ai2zsReFLIambQEUU, Arfaizu Architects                                                                                                             , 098885 30555 , "Zia Casa, Plot No 42, Aurangabad Times Colony, N 10, Cidco, Chhatrapati Sambhajinagar, Maharashtra 431001, India"                                                                                   , architect, http://www.arfaizu.com/                                                                                                       ,    4.8,           58, OPERATIONAL    , general_outreach   , Cidco      , 2026-07-14, new   ,                  ,                 ,                         , 
ChIJKW3QIaqj2zsRjPZkYsc_-hE, Trimiti Architect - Top Architect in Aurangabad | Best Interior designer in Aurangabad                                         , 072183 59658 , "Sonchafa Building, Prerna, Malhar Chawk, Pundlik Nagar Rd, Chhatrapati Nagar, Chattrapati Nagar, Garkheda, Chhatrapati Sambhajinagar, Maharashtra 431009, India"                                    , architect, https://trimitiarchitect.com/                                                                                                 ,    5.0,           68, OPERATIONAL    , general_outreach   , Cidco      , 2026-07-14, new   ,                  ,                 ,                         , 
ChIJhYK4byij2zsR4RnBI__pTW8, DEORA ASSOCIATES                                                                                                               , 098230 99927 , "opposite Opp Asawa Brothers Library, N3-177A, Kamgar Chowk, N 3, Cidco, Chhatrapati Sambhajinagar, Maharashtra 431003, India"                                                                       , architect,                                                                                                                               ,    4.9,           38, OPERATIONAL    , no_digital_presence, Cidco      , 2026-07-14, new   , justdial         ,                 ,                         , 2026-07-15T05:59:55.236257+00:00
ChIJlzlumMuj2zsRDSjcV4gU9I4, Homely Architects & Interior designers                                                                                         , 088558 55088 , "Palwe hospital building Jaybhavani chauk, Parijat Nagar, Sector N 4, Cidco, Chhatrapati Sambhajinagar, Maharashtra 431009, India"                                                                   , architect, http://thehomely.design/                                                                                                      ,    5.0,           13, OPERATIONAL    , general_outreach   , Cidco      , 2026-07-14, new   ,                  ,                 ,                         , 
ChIJByw2F_Ki2zsRIdjDIumdXlI, ECO DESIGN ARCHITECTS                                                                                                          , 094036 82767 , "c/o. DIPA ENTERPRISES, Plot no. 10, N-2 CIDCO,, Jalna Road,, Kamgar Chowk, Mayanagar Colony, N 2, Cidco, Chhatrapati Sambhajinagar, Maharashtra 431006, India"                                      , architect,                                                                                                                               ,    4.7,           18, OPERATIONAL    , no_digital_presence, Cidco      , 2026-07-14, new   , justdial         ,                 ,                         , 2026-07-15T06:00:01.647132+00:00
ChIJ6UFrtJ-j2zsRs_baOUOUt-U, Architect Ejaz Shaikh | JW Studio.                                                                                             , 075880 76537 , "7A, near Arish Masjid, beside Panchayat Samiti Office, Arish Colony, N 10, Cidco, Chhatrapati Sambhajinagar, Maharashtra 431001, India"                                                             , architect,                                                                                                                               ,    4.6,           11, OPERATIONAL    , no_digital_presence, Cidco      , 2026-07-14, new   , justdial         ,                 ,                         , 2026-07-15T06:00:06.996093+00:00
ChIJJ0IcllO92zsR5nGBf_7-3vQ, STUDIO ARCHITECTS                                                                                                              , 095450 00534 , "Tower, N, AL- ZAINAB, 11, Harsul Rd, beside Click Hotel, Hudco, Yadav Nagar, Sector L, Cidco, Chhatrapati Sambhajinagar, Maharashtra 431003, India"                                                 , architect,                                                                                                                               ,    4.8,           42, OPERATIONAL    , no_digital_presence, Cidco      , 2026-07-14, new   , justdial         ,                 ,                         , 2026-07-15T06:00:17.111654+00:00
ChIJnRbdVMei2zsRk_1krJ1nNfg, Sthapati Planners & Developers Pvt. Ltd                                                                                        , 091584 75253 , "National Sample Survey office, opp. Garware Road, N 7, Cidco, Chhatrapati Sambhajinagar, Maharashtra 431003, India"                                                                                 , architect, http://www.sthapati.biz/                                                                                                      ,    4.7,           18, OPERATIONAL    , general_outreach   , Cidco      , 2026-07-14, new   ,                  ,                 ,                         , 
ChIJM8zWI9ij2zsRuQ834uGSZ3A, Shreya Mahajan Architects                                                                                                      , 078208 43061 , "Plot No. 63, Pundlik Nagar Rd, Parimal Housing Society, Vishalnagar, Garkheda, Chhatrapati Sambhajinagar, Maharashtra 431009, India"                                                                , architect,                                                                                                                               ,    4.9,           24, OPERATIONAL    , no_digital_presence, Cidco      , 2026-07-14, new   , justdial         ,                 ,                         , 2026-07-15T06:00:23.011416+00:00
ChIJl-wq4naY2zsRxVY8jJVtmJE, Portico Design Concepts                                                                                                        , 0240 234 5055, "New Balaji Nagar, Sindhi Colony, Chhatrapati Sambhajinagar, Maharashtra 431005, India"                                                                                                              , architect, https://portico.co.in/                                                                                                        ,    4.8,           41, OPERATIONAL    , general_outreach   , Cidco      , 2026-07-14, new   ,                  ,                 ,                         , 
ChIJVVVVFeyi2zsR3azosAx3z5w, "Veerkar and Associates, Anand N Veerkar"                                                                                      , 098223 73326 , "Swamidham, plot no6, A, opposite fresh o fram, Bhakti Nagar, N 1, Cidco, Chhatrapati Sambhajinagar, Maharashtra 431006, India"                                                                      , architect,                                                                                                                               ,    5.0,            1, OPERATIONAL    , no_digital_presence, Cidco      , 2026-07-14, new   , justdial         ,                 ,                         , 2026-07-15T06:00:30.370652+00:00
ChIJ4_3eXUKZ2zsRbAND4cb9xh0, Mirkute Architects and Interior Designers                                                                                      , 090960 20570 , "Shop no. 3-4,Plot no. 265 Dhananjay Complex, Ulkanagari Rd, shreenagar, Garkheda Area, Garkheda, Chhatrapati Sambhajinagar, Maharashtra 431009, India"                                              , architect,                                                                                                                               ,    4.9,           38, OPERATIONAL    , no_digital_presence, Garkheda   , 2026-07-14, new   , justdial         ,                 ,                         , 2026-07-15T06:00:37.936180+00:00
ChIJOYm_p-ej2zsRLW2ol3T9zLs, Samiksha Patel Architects                                                                                                      , 073919 00900 , "03, First floor, Vasudev Sankul, Sahyognagar, Garkheda Area, Ulkanagari, Chhatrapati Sambhajinagar, Maharashtra 431009, India"                                                                      , architect,                                                                                                                               ,    5.0,           12, OPERATIONAL    , no_digital_presence, Garkheda   , 2026-07-14, new   , justdial         ,                 ,                         , 2026-07-15T06:00:44.254253+00:00
ChIJebdj2imj2zsR78cCyf6DfTY, Gajanan Deo Architects                                                                                                         , 099234 22446 , "03, First floor, Vasudev Sankul, Sahyognagar, Garkheda Area, Ulkanagari, Chhatrapati Sambhajinagar, Maharashtra 431009, India"                                                                      , architect,                                                                                                                               ,    5.0,            3, OPERATIONAL    , no_digital_presence, Garkheda   , 2026-07-14, new   , justdial         ,                 ,                         , 2026-07-15T06:00:51.654062+00:00
ChIJo-8iCEej2zsR1t9CEWGBPm0, Siddhant Sethi Architects                                                                                                      , 095529 86030 , "Office no-32, 1st floor, Olumpus, A-wing, Garkheda Rd, near Sutgirni Chowk, Sutgirni Chowk, Gadia Vihar, Chhatrapati Sambhajinagar, Maharashtra 431009, India"                                      , architect,                                                                                                                               ,    5.0,           10, OPERATIONAL    , no_digital_presence, Garkheda   , 2026-07-14, new   , justdial         ,                 ,                         , 2026-07-15T06:00:59.230254+00:00
ChIJ3-xcQuCj2zsRCdEc0fqDMF0, Archi D tales                                                                                                                  , 089839 99579 , "34B, Aditya Nagar Rd, Garkheda Area, Ulkanagari, Chhatrapati Sambhajinagar, Maharashtra 431009, India"                                                                                              , architect, https://www.instagram.com/ar.saurabhjamkar?igsh=dWc2bTY0Yjk3a2Fs                                                              ,    5.0,           10, OPERATIONAL    , general_outreach   , Garkheda   , 2026-07-14, new   ,                  ,                 ,                         , 
ChIJm4Ysh36j2zsRV-TNGemJVxU, Manora Design Studio | Architects & Interior Designers | Ch. Sambhajinagar (Aurangabad)                                        , 088308 64233 , "9A, New Shantiniketan Society, near Trimurti chowk, behind Akashwani Road, Jawahar Colony, Nyay Nagar, Chhatrapati Sambhajinagar, Maharashtra 431005, India"                                        , architect,                                                                                                                               ,    4.9,           16, OPERATIONAL    , no_digital_presence, Garkheda   , 2026-07-14, new   , justdial         ,                 ,                         , 2026-07-15T06:01:05.054896+00:00
ChIJ5YZglPij2zsR8L959BMQqAA, Vardhaman Architects and interior designers                                                                                    , 094048 48612 , "Plot No. 13/A, Kalpataru Housing Society, Pundlik Nagar Rd, Pundlik Nagar, Garkheda, Chhatrapati Sambhajinagar, Maharashtra 431009, India"                                                          , architect,                                                                                                                               ,    4.9,           17, OPERATIONAL    , no_digital_presence, Garkheda   , 2026-07-14, new   , justdial         ,                 ,                         , 2026-07-15T06:01:10.662408+00:00
ChIJn9uUrO6j2zsR4B4OIdu6FXY, ArcEdge Associates                                                                                                             , 098606 77070 , "Plot no 12, Above Gaurav Maratha Hotel 7 Hills to Gajanan Maharaj Mandir, Garkheda Rd, Vidya Nagar, Nyay Nagar, Chhatrapati Sambhajinagar, Maharashtra 431009, India"                               , architect,                                                                                                                               ,    4.6,           10, OPERATIONAL    , no_digital_presence, Garkheda   , 2026-07-14, new   , justdial         ,                 ,                         , 2026-07-15T06:01:18.892877+00:00
ChIJdXdqn_Sj2zsRNOm_Ev0Ee38, Saurabh Deshmukh Architect                                                                                                     , 095030 23064 , "Sutgirni chowk Garkheda Altius B, 302, Olumpus, in front of krida sankul, Gadia Vihar, Chhatrapati Sambhajinagar, Maharashtra 431009, India"                                                        , architect,                                                                                                                               ,    5.0,            1, OPERATIONAL    , no_digital_presence, Garkheda   , 2026-07-14, new   , justdial         ,                 ,                         , 2026-07-15T06:01:29.052376+00:00
ChIJq6qqnmyY2zsR3AkG_EKNANA, Manoj Kala & Associates                                                                                                        , 094231 51781 , "B-301-302 Altius, Olumpus, Sutgirni Chowk, Garkheda, Chhatrapati Sambhajinagar, Maharashtra 431009, India"                                                                                          , architect, http://mkaa.co.in/                                                                                                            ,    4.8,           31, OPERATIONAL    , general_outreach   , Garkheda   , 2026-07-14, new   ,                  ,                 ,                         , 
ChIJpf5WH3uj2zsRMCDusP1ylrk, DESIGN.COLLABORATIVES Architect & Interior Designer                                                                            , 080873 35883 , "Shop no.6, 1st Floor, Khivansara Mayfair, Opp Khivansara Woods, Kasliwal Vishwa, Ulkanagari, Chhatrapati Sambhajinagar, Maharashtra 431009, India"                                                  , architect, https://www.instagram.com/design.collaboratives/?hl=en                                                                        ,    5.0,           57, OPERATIONAL    , general_outreach   , Garkheda   , 2026-07-14, new   ,                  ,                 ,                         , 
ChIJH7Z9l9Cj2zsRMXQEH3n0Jzc, Orizons Architects and Builders                                                                                                , 096077 10044 , "Shop no.2, Orizons Studio, August Homes, Ulkanagari Rd, Garkheda Area, Garkheda, Chhatrapati Sambhajinagar, Maharashtra 431005, India"                                                              , architect, http://www.orizons.in/                                                                                                        ,       ,             , OPERATIONAL    , visibility_angle   , Garkheda   , 2026-07-14, new   ,                  ,                 ,                         , 
ChIJhzI4kH6Y2zsRrFttQnn58EQ, Space Architects                                                                                                               , 0240 297 0299, "Shahnoor Miya Darga Road, Shankar Plaza, Sahakarnagar chowk, opp bank of Baroda,, Shrikrishna Nagar, Ulkanagari, Chhatrapati Sambhajinagar, Maharashtra 431009, India"                              , architect,                                                                                                                               ,    4.8,           16, OPERATIONAL    , no_digital_presence, Garkheda   , 2026-07-14, new   , justdial         ,                 ,                         , 2026-07-15T06:01:38.900901+00:00
ChIJFxoyB6aZ2zsRgi6JAlOSBow, Drishtikon Architects & Designers                                                                                              , 094222 02339 , "Plot No : 104, silver nest Aapna Nagar, Darga Rd, Shrikrishna Nagar, Ulkanagari, Chhatrapati Sambhajinagar, Maharashtra 431005, India"                                                              , architect, https://www.instagram.com/drishtikonarchitects?igsh=ZmhocDVqaXR2ejl3                                                          ,    5.0,           67, OPERATIONAL    , general_outreach   , Jyoti Nagar, 2026-07-14, new   ,                  ,                 ,                         , 
ChIJVbmmawyZ2zsRzc3YMcF02EU, FIRST IDEA ARCHITECTS & INTERIOR DESIGNERS                                                                                     , 098901 52366 , "SURABHI APARTMENTS, Plot no- 70, Gali No. 4, Jyoti Nagar, New Usmanpura, Chhatrapati Sambhajinagar, Maharashtra 431005, India"                                                                      , architect,                                                                                                                               ,    5.0,            3, OPERATIONAL    , no_digital_presence, Jyoti Nagar, 2026-07-14, new   , justdial         ,                 ,                         , 2026-07-15T06:01:44.322258+00:00
ChIJ--g483mY2zsRKiIgi7wpUeo, Swapnil Pargaonkar & Associates                                                                                                , 0240 234 8595, "Rachna Building, 1/7, near Kalda Corner, New Shreya Nagar, Ramanagar, Chhatrapati Sambhajinagar, Maharashtra 431005, India"                                                                         , architect, http://www.pargaonkar.com/                                                                                                    ,    4.8,           32, OPERATIONAL    , general_outreach   , Jyoti Nagar, 2026-07-14, new   ,                  ,                 ,                         , 
ChIJBdPHOLKi2zsRkujs_K5e4tQ, Motif architects                                                                                                               , 070580 81283 , "dudh dairy, empire heights, Darga Rd, chk, C, Ramanand Colony, Chhatrapati Sambhajinagar, Maharashtra 431005, India"                                                                                , architect, http://viskurecard.com/motif-architects-elite-homes                                                                           ,    4.9,           15, OPERATIONAL    , general_outreach   , Jyoti Nagar, 2026-07-14, new   ,                  ,                 ,                         , 
ChIJ6-rG1kGY2zsRfyIMvpGwAX4, Sachin Sangshetty Architects                                                                                                   , 098226 39222 , "Plot no.75, Block no.2, Shri Vishwarup function Hall, Jyoti Nagar, New Usmanpura, Chhatrapati Sambhajinagar, Maharashtra 431005, India"                                                             , architect,                                                                                                                               ,    4.2,            5, OPERATIONAL    , no_digital_presence, Jyoti Nagar, 2026-07-14, new   , justdial         ,                 ,                         , 2026-07-15T06:01:50.728407+00:00
ChIJ18b-DACZ2zsRGGH-RnTqjWc, Model Minds 3D Visualization Studio                                                                                            , 074982 67822 , "Jyothi Nagar Rd, Sahakar Nagar, New Usmanpura, Chhatrapati Sambhajinagar, Maharashtra 431005, India"                                                                                                , architect, https://www.modelminds3d.com/                                                                                                 ,    5.0,            9, OPERATIONAL    , general_outreach   , Jyoti Nagar, 2026-07-14, new   ,                  ,                 ,                         , 
ChIJVVVVlWSY2zsR-0Ld-cMhcu0, Ar. Shruti Deshpande | Architecture & Interior Designer                                                                        , 086260 20153 , "Sant, Eknath Rang Mandir Rd, beside IDBI bank, New Usmanpura, Chhatrapati Sambhajinagar, Maharashtra 431005, India"                                                                                 , architect, https://www.instagram.com/ar.shrutideshpande/                                                                                 ,    4.5,           22, OPERATIONAL    , general_outreach   , Jyoti Nagar, 2026-07-14, new   ,                  ,                 ,                         , 
ChIJVVVVlWSY2zsRjTd5cIR4Vyk, "DESIGN GROUP, Architects"                                                                                                     , 0240 234 0591, "Lane No 1 , Behind Gurudwara saheb, New Usmanpura, Chhatrapati Sambhajinagar, Maharashtra 431005, India"                                                                                            , architect, http://www.designgroupabd.com/                                                                                                ,    4.9,            8, OPERATIONAL    , general_outreach   , Jyoti Nagar, 2026-07-14, new   ,                  ,                 ,                         , 
ChIJ____M4Ci2zsRwG9F_p7R-ms, Interface Designers                                                                                                            , 0240 232 3726, "164, Tilaknagar, Ulkanagari, Chhatrapati Sambhajinagar, Maharashtra 431009, India"                                                                                                                  , architect, http://www.interfacedesigners.in/                                                                                             ,    4.6,           18, OPERATIONAL    , general_outreach   , Jyoti Nagar, 2026-07-14, new   ,                  ,                 ,                         , 
ChIJ5xKH73qY2zsRXNH0Ts8KdBY, DP Design Associates                                                                                                           , 098500 19513 , "Manjiri,15 Sushil Co-Operative Housing Society, opposite Panat Hospital, Shreya Nagar, New Usmanpura, Chhatrapati Sambhajinagar, Maharashtra 431005, India"                                         , architect,                                                                                                                               ,    4.8,           25, OPERATIONAL    , no_digital_presence, Jyoti Nagar, 2026-07-14, new   , justdial         ,                 ,                         , 2026-07-15T06:01:59.207805+00:00
